2016-11-30 11:19:02 l &Al ,"""Ahfр&Bhb%B (R.Aa&@A%J)JjaLAqQJQ0&BhbklAh!&A%B!"
2016-11-30 11:19:04  !k`H!!@hј%J@i@!%B h 0hJl!A@hh x!ak`Bр&A%Bahi@hb @kҘ%B
"2016-11-30 11:19:06 %Jk ! AB&Q %B%Bl)%Bj@!`c""D&A%B %Bh""јk A!h`c"
"2016-11-30 11:19:12 )h!h0&@hDJQ`B`Aj""@hѐ%Bkp!aHDa)Ji`ahhi@0!""DA!hC@)!i@ 8R0"
2016-11-30 11:19:14 `jӘ%B``B%%B)J`+p!!kj&I`bј
"2016-11-30 11:19:19 ""JR!a@k lAjԘAjAa`B! A8IJaAJR&%BJa hJ%B`i@%B""kpQ!aA""h ""Ah! kR0x!h""` !",!Q!k@@%BA&AhbhD+i@`ck !aA)hk%&C&BkҀ)JRؘ%BJj aAh@A%B@k )hbѐkAjSi@jӐ)%Bh@h0&C@%Bhѐ&H %Bh xJ.CYk`+'I kҀ`j
"2016-11-30 11:19:20 jҀ)""J!@hbJa!"
"2016-11-30 11:19:26 lk`""  `"
"2016-11-30 11:20:50 Q&B ""&Cl8@jaؘHk Q&i@V(S (RhJRk0Q"" `'k0Q`JR`Bhi@&C"
"2016-11-30 11:20:51 %A"" )JkҐ&A !hbh&A)JQ@h &A@`c"
2016-11-30 11:21:03 h
2016-11-30 11:21:05 䡘Akj!hʬk)%JA+! ɘ%B%j8Ҙ%hbVaj hѐ%E8AhJhј%%@%Bkhʨ
"2016-11-30 11:21:06 JQ!hJ%BjӀ!`æj!$iA`caJV%AahfkȀ)JQ점kBhj 0""aaAhhè!Ak`Qh%B!lJ""hbј%B""`BaAj@Q (
"
2016-11-30 11:21:12 aA
2016-11-30 11:21:17 hӘ%B&BaA%Bh'`B !
"2016-11-30 11:21:17 jQj`)\A `k!`B!%B al (
"
2016-11-30 11:21:20 aAQ!A&AAi@i@aAhi!j A!H`'jӘ%Bj
"2016-11-30 11:21:24 A`cш)%B "" 0a&A!!"
"2016-11-30 11:21:27 "" h"
2016-11-30 11:21:28  !`!aA 
2016-11-30 11:21:29 kҘ%B`Ah
2016-11-30 11:21:29 k҈)
2016-11-30 11:21:30 h! 
2016-11-30 11:21:31 &B!&Baj 0BAJQQ!`cѐ&Bh
2016-11-30 11:21:32 
"2016-11-30 11:21:34 `bk`B%+A8y!@jah`BA`cѐ&A"")@!a)"
2016-11-30 11:21:36 jaؘ%B``b`
"2016-11-30 11:21:36 %B`'""`cјk0j)j`B%j0(
"
2016-11-30 11:21:39 %B&A
2016-11-30 11:21:40  xR j
2016-11-30 11:21:45 k0	%Bj`j kJQ@!P !H`'j!&B!h
2016-11-30 11:21:48 k
2016-11-30 11:21:48 !
"2016-11-30 11:21:48 (
"
2016-11-30 11:21:49 k%B?Q  !
"2016-11-30 11:21:50 aA`c x&B!%B%BRB%Bh A "" hbjh!kl``c!"
2016-11-30 11:21:51 %B 
"2016-11-30 11:21:52 %B%B@hA@h!h (
"
2016-11-30 11:21:53 !&B!
"2016-11-30 11:21:54 khjAaAih! Aj)hbјAjQa%Bk Q"
2016-11-30 11:21:54 i@%B hhb!JhԈ
2016-11-30 11:21:56 %BR
"2016-11-30 11:21:56 j%%B@hb"
2016-11-30 11:22:02 i@%B)A xkh!Jj! Qh`cѐ@hb!
2016-11-30 11:22:05 )JA JhӘ%Bj Qj%Bhbѐ&C&A+&B`cј&k0Q!jhbk `B%
"2016-11-30 11:22:05 (
"
2016-11-30 11:22:08 %Bl&@&kA`A
"2016-11-30 11:22:09 !JBLA@%BlJh`!&A!i@kp!)k 0S`cѐQaQ!khlAA""@Ah Jh(
"
2016-11-30 11:22:12 !aA&%Bkj Q@kҘlaa!Ah%k!AÐka)J@)i@aA&B`c!
2016-11-30 11:22:12 
"2016-11-30 11:22:13 0&@0`'kk0QaAAQV(
"
2016-11-30 11:22:15 `cјAÐAÐl!
2016-11-30 11:22:18 j`'`i@lRj !j0	k #!%B !h%Bihbј%B0@hb!h'@%BJQB`cj JQJaaA!i@@aA! Aaj A)@!`%Bh'a)
"2016-11-30 11:22:21 %JlQ !%B@B`bјAh""0hhkR08"
"2016-11-30 11:22:21 JQ)kAk0!%J)J!`c!hhhb (
"
"2016-11-30 11:22:23 @%B)J""@jA"
2016-11-30 11:22:23 &B!%B`a/Bh!)ji@%BA`c+pS)Aja
2016-11-30 11:22:23 @JQ)&
"2016-11-30 11:22:28 JQ%B&A`cѐA@""@h 0RkR80"
"2016-11-30 11:22:29 &Ai@kpi``  &@JR  &BQ@&B (
"
2016-11-30 11:22:31 j
"2016-11-30 11:22:35 jaؐAQ̐&Aj0h""hèh`B&B&@AȐ"
"2016-11-30 11:23:30 ""JЈhjQJ  `""l@&AJah"," %B!&A %BJQi@hb "" (S!&C&A %Bj@%k #aaA  aA%BHk!kA8y+J!hbk0Q hbј%BlQ)J ",
2016-11-30 11:23:33 &Bl!jЈ!A
2016-11-30 11:23:34 %Bjh&@jӘ%B
"2016-11-30 11:23:37 %Bk %B)""B  A8AA)8&A!AÈ&hbј)Jhé"
2016-11-30 11:23:38 `AJ `bk0Q` `cш@%Bkh'%B (R `J
2016-11-30 11:23:39 hAk #%BAjjY!%JhDhbш%Bh!ABh!k&BkpH`bјi@+ jJQ`kA Ia A)&A&@0)`QB&S`BD)hjaؐ&A!`bш !
"2016-11-30 11:23:40 QAi@%B xJRh `BD A8QA0(
"
2016-11-30 11:23:42 )!Ԁ JQjӐ&A`!i@)%B  a) %BJaQA&Ah
2016-11-30 11:23:45 &A!i@`!`ck0QI!&!%J %Bk&@AhDA)&C%Bh AA`B `J`cјA`B%aA!)jyA(Rhј%BJ` A+k0	
"2016-11-30 11:23:48 k !A`'""@%B`b"
"2016-11-30 11:23:50 ""h' k0Q"
"2016-11-30 11:23:50  ""@k Qi``""hjPL (
"
2016-11-30 11:23:51 &Aj
"2016-11-30 11:23:52 `'@RQ (
"
"2016-11-30 11:23:55 i@h``BjpH`B%Ja &i@jPLja""`hQh`"
